<?xml version="1.0" encoding="UTF-8"?>

<Actor type="Ball" resource="ball.xml">

  <TransformableComponent>
    <Position x="0.0f" y="20.0f" z="0.0f"/>
    <!-- YXZ order (yaw, pitch, roll) -->
    <Rotation yaw="0.0f" pitch="0.0f" roll="0.0f"/>
    <Scale x="1.0f" y ="1.0f" z="1.0"/>
  </TransformableComponent>

  <CollidableComponent>
    <Shape type="Sphere">
      <Radius r="1.0f"/>
    </Shape>
    <CenterOfMassOffset>
      <Position x="0.0f" y="0.0f" z="0.0f"/>
      <Rotation yaw="0.0f" pitch="0.0f" roll="0.0f"/>        
    </CenterOfMassOffset>
    <Density type="Water"/>
    <Material type="Elastic"/>
  </CollidableComponent>

  <BulletPhysicsComponent>
    <LinearFactor x="1.0f" y="1.0f" z="1.0f"/>
    <AngularFactor x="1.0f" y="1.0f" z="1.0f"/>
    <MaxVelocity v="15.0f"/>
    <MaxAngularVelocity v="0.0f"/>
  </BulletPhysicsComponent>
 
</Actor>
