<?xml version="1.0" encoding="UTF-8"?>

<Actor type="Paddle-Player1" resource="data/config/player_profiles/visually_impaired/paddle-player1.xml">

  <TransformableComponent>
    <Position x="-180.0f" y="0.0f" z="0.0f"/>
    <!-- YXZ order (yaw, pitch, roll) -->
    <Rotation yaw="0.0f" pitch="0.0f" roll="0.0f"/>
    <Scale x="4.0f" y ="10.0f" z="20.0"/>
  </TransformableComponent>

  <MoveableComponent>
    <Velocity vcs="100.0f" vdx="1.0f" vdy="-1.0f" vdz="0.0f"/>
    <Acceleration ax="0.0f" ay="0.0f" az="0.0f"/>
  </MoveableComponent>

  <CollidableComponent>
    <Shape type="Box">
      <Dimension x="1.0f" y="1.0f" z="1.0f"/>
    </Shape>
    <CenterOfMassOffset>
      <Position x="0.0f" y="0.0f" z="0.0f"/>
      <Rotation yaw="0.0f" pitch="0.0f" roll="0.0f"/>        
    </CenterOfMassOffset>
    <Density type="Gold"/>
    <Material type="Elastic"/>
  </CollidableComponent>    
  
  <BulletPhysicsComponent>
    <LinearFactor x="0.0f" y="0.0f" z="1.0f"/>
    <AngularFactor x="0.0f" y="0.0f" z="0.0f"/>
    <MaxVelocity v="15.0f"/>
  </BulletPhysicsComponent>
  
  <OgreGraphicalComponent>
    <NodeName n="Paddle-Player1-Graphics" />
    <!--<MeshFileName m="data/graphics/meshes/cube.mesh" />-->
    <MeshFileName m="box.mesh" />
    <MaterialFileName n="" />
  </OgreGraphicalComponent>
  
  <OpenALSoftAudioComponent>
    <NodeName n="Paddle-Player1-Audio" />
    <FileName n="data/audio/effects/blip16.wav" />
    <Volume v="0.0f" />
    <InitialProgress p="0.0f" />
    <Loop l="true" />
  </OpenALSoftAudioComponent>  
  
</Actor>

