<?xml version="1.0" encoding="UTF-8"?>
<Actor type="Actor" resource="actor.xml">
  <TransformableComponent>
    <Position x="1.0f" y="2.0f" z="3.0f"/>
    <!-- YXZ order (yaw, pitch, roll), in radians -->
    <Rotation yaw="0.0f" pitch="0.0f" roll="0.0f"/>
    <Scale x="1.0f" y ="1.0f" z="1.0"/>
  </TransformableComponent>

  <LuaScriptComponent>
    <ScriptResource resource="actor.lua"/>
    <!-- The var attribute exports the object to the chosen variable or table. -->
    <ScriptObject constructor="CreateActor" destructor="DestroyActor"/>
    <!--<ScriptObject constructor="CreateActor" destructor="DestroyActor" var="Actors.actor"/>-->
    <ScriptData>
      <Attribute type="string" name="m_ActorType" value="Actor"/>
      <Attribute type="number" name="m_Value" value="0"/>
      <Attribute type="boolean" name="m_bActive" value="true"/>
    </ScriptData>
  </LuaScriptComponent>
</Actor>
