<?xml version="1.0" encoding="UTF-8"?>
<Actor type="Actor" resource="actor.xml">
  <TransformableComponent>
    <Position x="10.0f" y="20.0f" z="30.0f"/>
    <!-- YXZ order (yaw, pitch, roll), in radians -->
    <Rotation yaw="0.0f" pitch="0.0f" roll="0.0f"/>
    <Scale x="1.0f" y ="1.0f" z="1.0"/>
  </TransformableComponent>

  <CollidableComponent>
    <Shape type="Sphere">
      <Radius r="1.0f"/>
    </Shape>
    <CenterOfMassOffset>
      <Position x="0.0f" y="0.0f" z="0.0f"/>
      <Rotation yaw="0.0f" pitch="0.0f" roll="0.0f"/>        
    </CenterOfMassOffset>
    <Density type="Pine"/>
    <Material type="Elastic"/>
  </CollidableComponent>
</Actor>
