<?xml version="1.0" encoding="UTF-8"?>
<Actor type="Actor" resource="actors/actor.xml">
  <TransformableComponent>
    <Position x="-180.0f" y="0.0f" z="0.0f"/>
    <!-- YXZ order (yaw, pitch, roll), in radians -->
    <Rotation yaw="0.0f" pitch="0.0f" roll="0.0f"/>
    <Scale x="4.0f" y ="10.0f" z="20.0"/>
  </TransformableComponent>

  <MoveableComponent>
    <Velocity vcs="100.0f" vdx="1.0f" vdy="-1.0f" vdz="0.0f"/>
    <Acceleration ax="0.0f" ay="0.0f" az="0.0f"/>
  </MoveableComponent>
</Actor>
