<?xml version="1.0" encoding="UTF-8"?>

<Actor type="Ball" resource="data/game/entity/ball.xml">

  <TransformableComponent>
    <Position x="0.0f" y="0.0f" z="0.0f"/>
    <!-- YXZ order (yaw, pitch, roll) -->
    <Rotation yaw="0.0f" pitch="0.0f" roll="0.0f"/>
    <Scale x="3.0f" y ="3.0f" z="3.0"/>
  </TransformableComponent>

  <MoveableComponent>
    <Velocity vcs="0.0f" vdx="0.0f" vdy="0.0f" vdz="0.0f"/>
    <Acceleration ax="0.0f" ay="0.0f" az="0.0f"/>
  </MoveableComponent>

  <CollidableComponent>
    <Shape type="Sphere">
      <Radius r="1.0f"/>
    </Shape>
    <CenterOfMassOffset>
      <Position x="0.0f" y="0.0f" z="0.0f"/>
      <Rotation yaw="0.0f" pitch="0.0f" roll="0.0f"/>        
    </CenterOfMassOffset>
    <Density type="Pine"/>
    <Material type="Elastic"/>
  </CollidableComponent>

  <BulletPhysicsComponent>
    <LinearFactor x="1.0f" y="0.0f" z="1.0f"/>
    <AngularFactor x="0.0f" y="0.0f" z="0.0f"/>
    <!--<InitialVelocity x="0.0f" y="0.0f" z="0.0f">-->
    <MaxVelocity v="15.0f"/>
    <MaxAngularVelocity v="0.0f"/>
    <!--<MaxAcceleration a="0.0f"/>-->
  </BulletPhysicsComponent>
  
  <OgreGraphicalComponent>
    <NodeName n="Ball-Graphics" />
    <!--<MeshFileName m="data/graphics/meshes/sphere.mesh" />-->
    <MeshFileName m="sphere.mesh" />
    <MaterialFileName n="" />
  </OgreGraphicalComponent>
  
  <OpenALSoftAudioComponent>
    <NodeName n="Ball-Audio" />
    <!--<FileName n="data/audio/effects/blip16.wav" />-->
    <!--<FileName n="data/audio/effects/bounce.wav" />-->
    <FileName n="data/audio/effects/Pickup_Coin.wav" />
    <Volume v="1.0f" />
    <InitialProgress p="0.0f" />
    <Loop l="true" />
  </OpenALSoftAudioComponent>

  <!-- Script Component: event handlers -->
  
</Actor>

