<?xml version="1.0" encoding="UTF-8"?>

<Actor type="Plane" resource="data/game/entity/plane.xml">

  <TransformableComponent>
    <Position x="0.0f" y="0.0f" z="0.0f"/>
    <!-- YXZ order (yaw, pitch, roll) -->
    <Rotation yaw="0.0f" pitch="0.0f" roll="0.0f"/>
    <Scale x="200.0f" y="1.0f" z="120.0f"/>
  </TransformableComponent>

  <!--<CollidableComponent>
    <Shape type="Plane">
      <Normal x="0.0f" y="1.0f" z="0.0f"/>
      <Constant value="0.0"/>
    </Shape>
    <CenterOfMassOffset>
      <Position x="0.0f" y="0.0f" z="0.0f"/>
      <Rotation yaw="0.0f" pitch="0.0f" roll="0.0f"/>        
    </CenterOfMassOffset>
    <Density type="Infinite"/>
    <Material type="Elastic"/>
  </CollidableComponent>  -->
  
  <CollidableComponent>
    <Shape type="Box">
      <Dimension x="1.0f" y="1.0f" z="1.0f"/>
    </Shape>
    <CenterOfMassOffset>
      <Position x="0.0f" y="0.0f" z="0.0f"/>
      <Rotation yaw="0.0f" pitch="0.0f" roll="0.0f"/>        
    </CenterOfMassOffset>
    <Density type="Infinite"/>
    <Material type="Elastic"/>
  </CollidableComponent>
  
  <BulletPhysicsComponent>
  
  </BulletPhysicsComponent>
  
  <OgreGraphicalComponent>
    <NodeName n="PlaneGraphics" />
    <MeshFileName m="plane.mesh" />
    <MaterialFileName n="" />
  </OgreGraphicalComponent>
  
  <OpenALSoftAudioComponent>
    <NodeName n="PlanedAudio" />
    <FileName n="data/audio/effects/blip16.wav" />
    <Volume v="0.0f" />
    <InitialProgress p="0.0f" />
    <Loop l="false" />
  </OpenALSoftAudioComponent>  

</Actor>