<?xml version="1.0" encoding="UTF-8"?>
<PlayerProfiles type="Paddle" resource="player_profile.xml">

  <PlayerProfile name="Average User: Default">
    <PrimaryStimuliComponent type="graphical"/>
    <SecondaryStimuliComponent type="aural"/>
    <Settings resource="average_user_default.xml"/>
  </PlayerProfile>

  <PlayerProfile name="Visually Impaired: Blind">
    <PrimaryStimuliComponent type="aural"/>
    <SecondaryStimuliComponent type="none"/>
    <Settings resource="blind_default.xml"/>
  </PlayerProfile>
  
  <PlayerProfile name="Visually Impaired: Low Vision">
    <PrimaryStimuliComponent type="aural"/>
    <SecondaryStimuliComponent type="graphical"/>
    <Settings resource="low_vision_default.xml"/>
  </PlayerProfile>
  
  <PlayerProfile name="Mary">
    <PrimaryStimuliComponent type="aural"/>
    <SecondaryStimuliComponent type="graphical"/>
    <Settings resource="data/save/mary_profile.xml"/>
  </PlayerProfile>
  
</PlayerProfiles>

