﻿<Physics>
    <!-- TODO: add gravity -->
    <Gravity x="" y="" z=""/>

    <PhysicsMaterials>
        <PlayDough restitution="0.05f" friction="0.9f"/>
        <Normal restitution="0.25f" friction="0.5f"/>
        <Bouncy restitution = "0.95f" friction = "0.5f"/>
        <Slippery restitution = "0.25f" friction = "0.0f"/>
        <Elastic restitution = "1.00f" friction = "0.0f"/> <!-- Friction > 0.0f makes the object spin. -->
    </PhysicsMaterials>

<!--
    // Physics Densities were grabbed from various resources, including:
    // http://www.engineeringtoolbox.com/24_293.html
    // http://www.simetric.co.uk/si_wood.htm
    // http://www.phy.cmich.edu/people/andy/Physics110/Book/Chapters/Chapter8.htm
-->
    <DensityTable>
        <!--  specific gravity (these numbers are easier to find) -->
        <Air>0.0013</Air>
        <Water>1.000</Water>

        <!--  Synthetics -->
        <Styrofoam>0.0100</Styrofoam>

        <!--  Woods -->
        <Balsa>0.0170</Balsa>
        <Bamboo>0.3500</Bamboo>
        <Pine>0.5000</Pine>
        <Oak>0.8300</Oak>
        <Ebony>1.100</Ebony>

        <!--  Biologic -->
        <Blood>1.060</Blood>
        <Bone>1.800</Bone>

        <!--  Metals And Stone -->
        <Silicon>2.400</Silicon>
        <Aluminum>2.650</Aluminum>
        <Asbestos>2.450</Asbestos>
        <Barite>4.500</Barite>
        <Basalt>3.350</Basalt>
        <Bismuth>9.800</Bismuth>
        <Borax>1.750</Borax>
        <Boron>2.320</Boron>
        <Brass>8.550</Brass>
        <Brick>8.640</Brick>
        <Bronze>8.400</Bronze>
        <Calcium>4.580</Calcium>
        <Carbon>1.950</Carbon>
        <Chromium>7.100</Chromium>
        <Clay>2.200</Clay>
        <Coal>0.800</Coal>
        <Cobalt>8.900</Cobalt>
        <Copper>8.750</Copper>
        <Diamond>3.510</Diamond>
        <Dolomite>2.900</Dolomite>
        <Epoxy>1.800</Epoxy>
        <Glass>2.600</Glass>
        <Crystal>2.950</Crystal>
        <Granite>2.550</Granite>
        <Gold>19.30</Gold>
        <Hematite>5.200</Hematite>
        <Iridium>21.60</Iridium>
        <Castiron>7.200</Castiron>
        <Wroughtiron>7.750</Wroughtiron>
        <Limestone>2.400</Limestone>
        <Lead>11.34</Lead>
        <Magnetite>3.200</Magnetite>
        <Manganese>7.420</Manganese>
        <Magnesium>1.740</Magnesium>
        <Marble>2.720</Marble>
        <Mercury>13.54</Mercury>
        <Molybdenum>10.20</Molybdenum>
        <Nickel>8.900</Nickel>
        <Platinum>21.45</Platinum>
        <Potassium>0.860</Potassium>
        <Quartz>2.650</Quartz>
        <Sandstone>2.300</Sandstone>
        <Serpentine>2.750</Serpentine>
        <Silver>10.50</Silver>
        <Sodium>0.970</Sodium>
        <Steel>7.800</Steel>
        <Talc>2.700</Talc>
        <Tar>1.200</Tar>
        <Tellurium>6.120</Tellurium>
        <Tin>7.350</Tin>
        <Titanium>4.500</Titanium>
        <Tungsten>19.22</Tungsten>
        <Uranium>18.70</Uranium>
        <Vanadium>5.960</Vanadium>
        <Vinyl>1.800</Vinyl>
        <Wool>1.320</Wool>
        <Zinc>7.050</Zinc>

        <Infinite>0.000</Infinite>
        <Kinematic>0.000</Kinematic>
    </DensityTable>
</Physics>