<?xml version="1.0" encoding="UTF-8"?>
<Commands resource="data/config/player_profiles/average_user/input_mapping.xml">
  <Actions>

  </Actions>
  <States>
    <State game_command_name="Player1MoveUp" device="keyboard" input_value="KC_W"/>
    <State game_command_name="Player1MoveDown" device="keyboard" input_value="KC_S"/>
    <State game_command_name="Player2MoveUp" device="keyboard" input_value="KC_UP"/>
    <State game_command_name="Player2MoveDown" device="keyboard" input_value="KC_DOWN"/>
  </States>
  <Ranges>
  
  </Ranges>
</Commands>
