<?xml version="1.0" encoding="UTF-8"?>
<PlayerProfile name="Average User: Default" resource="data/config/player_profiles/average_user/profile.xml">

  <GeneralSettings>
    <Preferences resource="data/config/player_profiles/average_user/preferences.xml"/>
  </GeneralSettings>

  <InputSettings>
    <!--<Device type="keyboard"/>-->
    <Mapping resource="data/config/player_profiles/average_user/input_mapping.xml"/>
  </InputSettings>

  <OutputSettings>
    <PrimaryOutput type="graphical"
                   resource="data/config/player_profiles/average_user/graphics.xml"
                   events="data/config/player_profiles/average_user/graphical_events.xml"/>
    <SecondaryOutput type="aural"
                     resource="data/config/player_profiles/average_user/audio.xml"
                     events="data/config/player_profiles/average_user/aural_events.xml"/>
  </OutputSettings>

  <GameplaySettings>
    <EntitySpecialization resource="data/config/player_profiles/average_user/entity/entities.xml"/>
    <EventSpecializations resource="data/config/player_profiles/average_user/events/events.xml"/>
    <!-- Difficult -->
  </GameplaySettings>

</PlayerProfile>
