<?xml version="1.0" encoding="UTF-8"?>

<Actors resource="data/config/player_profiles/average_user/entity/entities.xml">

  <Actor name="Ball" resource="data/config/player_profiles/average_user/entity/ball.xml"/>
  <Actor name="Paddle-Player1" resource="data/config/player_profiles/average_user/entity/paddle-player1.xml"/>
  <Actor name="Paddle-Player2" resource="data/config/player_profiles/average_user/entity/paddle-player2.xml"/>
  <Actor name="Plane" resource="data/config/player_profiles/average_user/entity/plane.xml"/>
  <Actor name="Wall-Bottom" resource="data/config/player_profiles/average_user/entity/wall-bottom.xml"/>
  <Actor name="Wall-Left" resource="data/config/player_profiles/average_user/entity/wall-left.xml"/>
  <Actor name="Wall-Right" resource="data/config/player_profiles/average_user/entity/wall-right.xml"/>
  <Actor name="Wall-Top" resource="data/config/player_profiles/average_user/entity/wall-top.xml"/>
  
</Actors>
