<?xml version="1.0" encoding="UTF-8"?>
<PlayerProfile name="Visually Impaired: Blind" resource="data/config/player_profiles/visually_impaired/profile.xml">

  <GeneralSettings>
    <Preferences resource="data/config/player_profiles/visually_impaired/preferences.xml"/>
  </GeneralSettings>

  <InputSettings>
    <!--<Device type="keyboard"/>-->
    <Mapping resource="data/config/player_profiles/visually_impaired/input_mapping.xml"/>
  </InputSettings>

  <OutputSettings>
    <PrimaryOutput type="aural"
                   resource="data/config/player_profiles/visually_impaired/audio.xml"/>
    <SecondaryOutput type="graphical"
                     resource="data/config/player_profiles/visually_impaired/graphics.xml"/>
  </OutputSettings>

  <GameplaySettings>
    <EntitySpecialization resource="data/config/player_profiles/visually_impaired/entity/entities.xml"/>
    <EventSpecializations resource="data/config/player_profiles/visually_impaired/events/events.xml"/>
    <!-- Difficult, etc. -->
  </GameplaySettings>

</PlayerProfile>
