<?xml version="1.0" encoding="UTF-8"?>

<Actor type="Plane" resource="data/temp/actors/plane.xml">

  <TransformableComponent>
    <Position x="0.0f" y="-10.0f" z="0.0f"/>
    <Rotation yaw="0.0f" pitch="0.0f" roll="0.0f"/>
    <Scale x="100.0f" y="0.01f" z="100.0f"/>
  </TransformableComponent>

  <BulletPhysicsComponent>
    <Shape type="Box"/>
    <Density type="Infinite"/>
    <Material type="Normal"/>
  </BulletPhysicsComponent>
  
  <OgreGraphicalComponent>
    <NodeName n="PlaneGraphics" />
    <MeshFileName m="cube.mesh" />
    <MaterialFileName n="" />
  </OgreGraphicalComponent>
  
  <OpenALSoftAudioComponent>
    <NodeName n="PlanedAudio" />
    <FileName n="data/audio/effects/blip16.wav" />
    <Volume v="0.0f" />
    <InitialProgress p="0.0f" />
    <Loop l="false" />
  </OpenALSoftAudioComponent>  

</Actor>