<?xml version="1.0" encoding="UTF-8"?>

<Actor type="Sinbad" resource="data/temp/actors/sinbad.xml">

  <TransformableComponent>
    <Position x="0.0f" y="0.0f" z="0.0f"/>
    <!-- YXZ order (yaw, pitch, roll) -->
    <Rotation yaw="-1.57f" pitch="0.0f" roll="0.0f"/>
    <!--<RotationQuaternion x="0.0f" y="0.0f" z="0.0f" w="1.0f"/>-->
    <Scale x="1.0f" y="1.0f" z="1.0f"/>
  </TransformableComponent>

  <MoveableComponent>
    <Velocity vcs="30.0f" vdx="1.0f" vdy="-1.0f" vdz="0.0f"/>
    <Acceleration ax="0.0f" ay="0.0f" az="0.0f"/>
  </MoveableComponent>

  <OgreGraphicalComponent>
    <NodeName n="SinbadGraphics" />
    <MeshFileName m="Sinbad.mesh" />
    <MaterialFileName n="" />
  </OgreGraphicalComponent>

  <OpenALSoftAudioComponent>
    <NodeName n="SinbadAudio" />
    <FileName n="data/audio/effects/blip16.wav" />
    <Volume v="1.0f" />
    <InitialProgress p="0.0f" />
    <Loop l="true" />
  </OpenALSoftAudioComponent>

  <BulletPhysicsComponent>
    <Shape type="Sphere"/>
    <!--<Shape type="Box"/>-->
    <Density type="Glass"/>
    <Material type="Bouncy"/>
  </BulletPhysicsComponent>

</Actor>