<?xml version="1.0" encoding="UTF-8"?>

<Actor type="SinbadGrandChild" resource="data/temp/actors/sinbad3.xml">

  <TransformableComponent>
    <Position x="0.0f" y="20.0f" z="0.0f"/>
    <Rotation yaw="0.0f" pitch="0.0f" roll="-1.57f"/>
    <Scale x="1.0f" y="1.0f" z="1.0f"/>
  </TransformableComponent>

  <OgreGraphicalComponent>
    <NodeName n="SinbadGrandChildGraphics" />
    <MeshFileName m="Sinbad.mesh" />
    <MaterialFileName n="" />
  </OgreGraphicalComponent>

  <OpenALSoftAudioComponent>
    <NodeName n="SinbadGrandChildAudio" />
    <FileName n="data/audio/effects/blip16.wav" />
    <!--<FileName n="data/audio/effects/Dark Scary Woods.ogg" />-->
    <Volume v="1.0f" />
    <InitialProgress p="0.0f" />
    <Loop l="true" />
  </OpenALSoftAudioComponent>

  <BulletPhysicsComponent>
    <!--<Shape type="Sphere"/>-->
    <Shape type="Box"/>
    <Density type="Glass"/>
    <Material type="Normal"/>
  </BulletPhysicsComponent>

</Actor>