<?xml version="1.0" encoding="UTF-8"?>

<EventSpecialization resource="player_profiles/average_user/events/aural_events.xml">

  <!-- FUTURE WORK:
  <Output>

    <Aural required="true"/>
    <Graphical required="false"/>

  </Output> -->

  <Events>

    <Event name="OnRestartGame" enabled="true">
      <!--<FileName n="data/audio/effects/Pickup_Coin.wav" />
      <Volume v="1.0f" />
      <InitialProgress p="0.0f" />
      <Loop l="true" />-->
    </Event>

    <Event name="OnPlayerScored" enabled="true"/>
    <Event name="OnBallWallCollision" enabled="true"/>
    <Event name="OnBallPaddleCollision" enabled="true"/>
    <Event name="OnPaddleWallCollision" enabled="true"/>
    <Event name="OnMovePaddle" enabled="true"/>
    <Event name="OnStopPaddle" enabled="true"/>

  </Events>
  
</EventSpecialization>
