<?xml version="1.0" encoding="UTF-8"?>
<Commands resource="data/input/player_command_mapping.xml">
  <Actions>
    <Action game_command_name="jump" device="keyboard" input_value="KC_1"/>
    <Action game_command_name="fire" device="keyboard" input_value="KC_2"/>
    <Action game_command_name="shout" device="mouse" input_value="MB_LEFT"/>
  </Actions>
  <States>
    <State game_command_name="run" device="keyboard" input_value="KC_3"/>
    <State game_command_name="run" device="mouse" input_value="MB_RIGHT"/>
  </States>
  <Ranges>
    <Range game_command_name="accelerateX" device="mouse" input_value="MOUSE_X">
      <Axis name="x"/>
      <InputRange minimum_value="-1000.0f" maximum_value="1000.0f"/>
      <OutputRange minimum_value="-1.0f" maximum_value="1.0f"/>
      <Sensitivity value="50.0f"/>
    </Range>
    <Range game_command_name="accelerateY" device="mouse" input_value="MOUSE_Y">
      <Axis name="x"/>
      <InputRange minimum_value="-1000.0f" maximum_value="1000.0f"/>
      <OutputRange minimum_value="-1.0f" maximum_value="1.0f"/>
      <Sensitivity value="50.0f"/>
    </Range>    
  </Ranges>
</Commands>
