<?xml version="1.0" encoding="UTF-8"?>

<Actor type="Wall-Right" resource="player_profiles/visually_impaired/wall-right.xml">

  <TransformableComponent>
    <Position x="200.0f" y="0.0f" z="0.0f"/>
    <!-- YXZ order (yaw, pitch, roll) -->
    <Rotation yaw="0.0f" pitch="0.0f" roll="0.0f"/>
    <Scale x="3.0f" y ="10.0f" z="120.0"/>
  </TransformableComponent>

  <CollidableComponent>
    <Shape type="Box">
      <Dimension x="1.0f" y="1.0f" z="1.0f"/>
    </Shape>
    <CenterOfMassOffset>
      <Position x="0.0f" y="0.0f" z="0.0f"/>
      <Rotation yaw="0.0f" pitch="0.0f" roll="0.0f"/>        
    </CenterOfMassOffset>
    <Density type="Infinite"/>
    <Material type="Elastic"/>
  </CollidableComponent>
  
  <BulletPhysicsComponent>

  </BulletPhysicsComponent>
  
  <OgreGraphicalComponent>
    <NodeName n="Wall-Right-Graphics" />
    <!--<MeshFileName m="data/graphics/meshes/cube.mesh" />-->
    <MeshFileName m="box.mesh" />
    <MaterialFileName n="" />
  </OgreGraphicalComponent>
  
  <OpenALSoftAudioComponent>
    <NodeName n="Wall-Right-Audio" />
    <FileName n="data/audio/effects/blip16.wav" />
    <Volume v="0.0f" />
    <InitialProgress p="0.0f" />
    <Loop l="true" />
  </OpenALSoftAudioComponent>  
  
</Actor>
